[
  {
    "id": "d36c077a-e775-4125-8072-b1183963dcfd",
    "data": [
      {
        "text": "6 5 0 5 5 5 5 5 5",
        "alias": "phone-number",
        "meta": "@sys.phone-number",
        "userDefined": false
      }
    ],
    "isTemplate": false,
    "count": 0
  },
  {
    "id": "2c7a5b93-d800-4893-92c1-8892b0ec0a6b",
    "data": [
      {
        "text": "650555555",
        "alias": "phone-number",
        "meta": "@sys.phone-number",
        "userDefined": false
      }
    ],
    "isTemplate": false,
    "count": 0
  },
  {
    "id": "4c9233be-6eda-4203-9c02-6de3d1e84872",
    "data": [
      {
        "text": "650-555-555",
        "alias": "phone-number",
        "meta": "@sys.phone-number",
        "userDefined": false
      }
    ],
    "isTemplate": false,
    "count": 0
  }
]