[
  {
    "id": "c73aed1f-81a1-4ce3-8b1b-a1f99b53f747",
    "data": [
      {
        "text": "andrew",
        "alias": "given-name",
        "meta": "@sys.given-name",
        "userDefined": false
      }
    ],
    "isTemplate": false,
    "count": 0
  },
  {
    "id": "0a37c613-d5a8-41d8-be91-f5aac70e6518",
    "data": [
      {
        "text": "pedro",
        "alias": "given-name",
        "meta": "@sys.given-name",
        "userDefined": false
      }
    ],
    "isTemplate": false,
    "count": 0
  },
  {
    "id": "0e119fa5-b87f-4f26-b772-80f759e0f740",
    "data": [
      {
        "text": "He is ",
        "userDefined": false
      },
      {
        "text": "Jose",
        "alias": "given-name",
        "meta": "@sys.given-name",
        "userDefined": false
      }
    ],
    "isTemplate": false,
    "count": 0
  },
  {
    "id": "8bccf6e3-c0a9-4491-9307-d5c61a78ac3c",
    "data": [
      {
        "text": "Her name is ",
        "userDefined": false
      },
      {
        "text": "Maria",
        "alias": "given-name",
        "meta": "@sys.given-name",
        "userDefined": false
      }
    ],
    "isTemplate": false,
    "count": 0
  },
  {
    "id": "0018eb2b-9e44-4072-a2f4-277931e7d1a6",
    "data": [
      {
        "text": "His name is ",
        "userDefined": false
      },
      {
        "text": "Jose",
        "alias": "given-name",
        "meta": "@sys.given-name",
        "userDefined": false
      }
    ],
    "isTemplate": false,
    "count": 0
  }
]