[
  {
    "id": "5bc40ba5-352e-4726-a710-6327e46b72b6",
    "data": [
      {
        "text": "contact my psychologist",
        "userDefined": false
      }
    ],
    "isTemplate": false,
    "count": 0
  },
  {
    "id": "ccd3ca93-8456-4e20-9d6b-06ea6dff6263",
    "data": [
      {
        "text": "psychologist",
        "userDefined": false
      }
    ],
    "isTemplate": false,
    "count": 0
  },
  {
    "id": "780add65-4d36-4dfb-abd4-eb775afc4a16",
    "data": [
      {
        "text": "therapist",
        "userDefined": false
      }
    ],
    "isTemplate": false,
    "count": 0
  },
  {
    "id": "3036ada8-c9a5-48d6-a9f7-c5b1b54fa85e",
    "data": [
      {
        "text": "contact my therapist",
        "userDefined": false
      }
    ],
    "isTemplate": false,
    "count": 0
  },
  {
    "id": "e5dcd0c3-b326-49ad-9a82-c9c1478da836",
    "data": [
      {
        "text": "help me",
        "userDefined": false
      }
    ],
    "isTemplate": false,
    "count": 0
  },
  {
    "id": "d70e8f4b-d748-49b9-b5aa-e9c453b29acd",
    "data": [
      {
        "text": "help",
        "userDefined": false
      }
    ],
    "isTemplate": false,
    "count": 0
  },
  {
    "id": "067263f9-06c1-49e4-977b-32d006822988",
    "data": [
      {
        "text": "mental emergency",
        "userDefined": false
      }
    ],
    "isTemplate": false,
    "count": 0
  },
  {
    "id": "10924f8b-ddfa-4bb1-934e-051561639791",
    "data": [
      {
        "text": "i don\u0027t remember who i am",
        "userDefined": false
      }
    ],
    "isTemplate": false,
    "count": 0
  },
  {
    "id": "1d55dd07-0a35-4d55-8c0b-5d1cfa717e9c",
    "data": [
      {
        "text": "i\u0027d like to speak to someone",
        "userDefined": false
      }
    ],
    "isTemplate": false,
    "count": 0
  },
  {
    "id": "c58c0bf0-826b-4aa1-bc86-14ffff0f31f7",
    "data": [
      {
        "text": "i feel really sad",
        "userDefined": false
      }
    ],
    "isTemplate": false,
    "count": 0
  },
  {
    "id": "4a0c8c2f-0a97-430d-86e0-c326472e496f",
    "data": [
      {
        "text": "i feel sick",
        "userDefined": false
      }
    ],
    "isTemplate": false,
    "count": 0
  },
  {
    "id": "bc0de690-f040-40eb-bcb6-1a27117a788e",
    "data": [
      {
        "text": "i require assistance",
        "userDefined": false
      }
    ],
    "isTemplate": false,
    "count": 0
  },
  {
    "id": "32fbb28d-d15e-4a25-a5d7-f58f53cfcafd",
    "data": [
      {
        "text": "i am lost",
        "userDefined": false
      }
    ],
    "isTemplate": false,
    "count": 0
  },
  {
    "id": "f5316895-2a3c-4340-9166-b5e5f3548284",
    "data": [
      {
        "text": "i need to talk to somebody",
        "userDefined": false
      }
    ],
    "isTemplate": false,
    "count": 0
  },
  {
    "id": "c07085ca-fbdb-43b9-a614-9aaee3aa379d",
    "data": [
      {
        "text": "i need to talk to someone",
        "userDefined": false
      }
    ],
    "isTemplate": false,
    "count": 0
  },
  {
    "id": "0769f32e-84c3-49bd-a609-a1614ded5ca7",
    "data": [
      {
        "text": "I\u0027d like to speak to a therapist",
        "userDefined": false
      }
    ],
    "isTemplate": false,
    "count": 0
  },
  {
    "id": "ec933e0a-ce17-4ce5-9db3-b205da1ff329",
    "data": [
      {
        "text": "I\u0027d like to speak to my therapist",
        "userDefined": false
      }
    ],
    "isTemplate": false,
    "count": 0
  }
]