[
  {
    "id": "c34a8759-d616-4e54-b4c3-0224047a1d04",
    "data": [
      {
        "text": "call her",
        "userDefined": false
      }
    ],
    "isTemplate": false,
    "count": 0
  },
  {
    "id": "591c767a-4e4e-4a66-a18f-185c1092fc56",
    "data": [
      {
        "text": "call",
        "userDefined": false
      }
    ],
    "isTemplate": false,
    "count": 0
  },
  {
    "id": "7e0a8065-bf35-4025-a3a7-41da9cdcaf5e",
    "data": [
      {
        "text": "yes",
        "userDefined": false
      }
    ],
    "isTemplate": false,
    "count": 0
  }
]