[
  {
    "id": "90115ba1-6df0-46e0-858e-3d9ada2bf15e",
    "data": [
      {
        "text": "That\u0027s my daughter",
        "userDefined": false
      }
    ],
    "isTemplate": false,
    "count": 0
  },
  {
    "id": "5869f5fe-8ad4-4b4e-b331-57d527316d8e",
    "data": [
      {
        "text": "My Daughter",
        "userDefined": false
      }
    ],
    "isTemplate": false,
    "count": 0
  },
  {
    "id": "2d149771-0c77-422c-a256-096f5e371814",
    "data": [
      {
        "text": "Daughter",
        "userDefined": false
      }
    ],
    "isTemplate": false,
    "count": 0
  }
]