[
  {
    "id": "2dc749e4-adda-41af-baa3-8efd7d9864c3",
    "data": [
      {
        "text": "i want to practice remembering people",
        "userDefined": false
      }
    ],
    "isTemplate": false,
    "count": 0
  },
  {
    "id": "5f1c2bbe-8261-47de-bcfc-779bba24294d",
    "data": [
      {
        "text": "i want to practice people",
        "userDefined": false
      }
    ],
    "isTemplate": false,
    "count": 0
  },
  {
    "id": "0a2c0f1b-341c-40f6-932f-761d6eee2411",
    "data": [
      {
        "text": "people",
        "userDefined": false
      }
    ],
    "isTemplate": false,
    "count": 0
  }
]