[
  {
    "id": "1e2a5821-b24a-479a-87d1-238293ee70ed",
    "data": [
      {
        "text": "call",
        "userDefined": false
      }
    ],
    "isTemplate": false,
    "count": 0
  },
  {
    "id": "d9c78c06-97de-4c20-bc7a-575e79fe8936",
    "data": [
      {
        "text": "call her",
        "userDefined": false
      }
    ],
    "isTemplate": false,
    "count": 0
  },
  {
    "id": "e5b24217-abfd-4d96-a96a-c3863262aa94",
    "data": [
      {
        "text": "yes call",
        "userDefined": false
      }
    ],
    "isTemplate": false,
    "count": 0
  }
]