[
  {
    "id": "bb2ae3d8-02fb-4404-8a9c-de3e8b8f4144",
    "data": [
      {
        "text": "Frankie",
        "alias": "given-name",
        "meta": "@sys.given-name",
        "userDefined": false
      },
      {
        "text": " is her name",
        "userDefined": false
      }
    ],
    "isTemplate": false,
    "count": 0
  },
  {
    "id": "3ccfe489-920a-4666-b9cf-c950c6d4c72b",
    "data": [
      {
        "text": "her name is ",
        "userDefined": false
      },
      {
        "text": "Frankie",
        "alias": "given-name",
        "meta": "@sys.given-name",
        "userDefined": false
      }
    ],
    "isTemplate": false,
    "count": 0
  },
  {
    "id": "ba392347-94ee-4553-be67-2f0e72e3911f",
    "data": [
      {
        "text": "that\u0027s ",
        "userDefined": false
      },
      {
        "text": "Frankie",
        "alias": "given-name",
        "meta": "@sys.given-name",
        "userDefined": false
      }
    ],
    "isTemplate": false,
    "count": 1
  },
  {
    "id": "98e0e030-7066-41b3-aeca-9ded3370797e",
    "data": [
      {
        "text": "Frankie",
        "alias": "given-name",
        "meta": "@sys.given-name",
        "userDefined": false
      }
    ],
    "isTemplate": false,
    "count": 0
  }
]