[
  {
    "id": "c663890c-1d64-40cd-acd7-dd80e68dadcb",
    "data": [
      {
        "text": "that\u0027s my cousin",
        "userDefined": false
      }
    ],
    "isTemplate": false,
    "count": 0
  },
  {
    "id": "c623c75c-6e5b-4be8-bdb7-7fb536d42f6d",
    "data": [
      {
        "text": "she\u0027s my cousin",
        "userDefined": false
      }
    ],
    "isTemplate": false,
    "count": 0
  },
  {
    "id": "70fea089-5499-4224-b7f4-b155bcdbe726",
    "data": [
      {
        "text": "my cousin",
        "userDefined": false
      }
    ],
    "isTemplate": false,
    "count": 0
  },
  {
    "id": "28378136-d35c-410a-ad72-c07c3070f255",
    "data": [
      {
        "text": "cousin",
        "userDefined": false
      }
    ],
    "isTemplate": false,
    "count": 0
  }
]