[
  {
    "id": "78b9228e-5646-49dc-8082-8530117080da",
    "data": [
      {
        "text": "call her",
        "userDefined": false
      }
    ],
    "isTemplate": false,
    "count": 0
  },
  {
    "id": "32bd4bb8-955c-4472-8abb-559334628232",
    "data": [
      {
        "text": "yes",
        "userDefined": false
      }
    ],
    "isTemplate": false,
    "count": 0
  },
  {
    "id": "45cbf721-fefa-431a-b47b-d877600118ea",
    "data": [
      {
        "text": "call",
        "userDefined": false
      }
    ],
    "isTemplate": false,
    "count": 0
  }
]