[
  {
    "id": "980a5e5e-d6b6-4d6a-8a39-d3da41abb9d7",
    "data": [
      {
        "text": "San Diego",
        "alias": "geo-city",
        "meta": "@sys.geo-city",
        "userDefined": false
      }
    ],
    "isTemplate": false,
    "count": 1
  },
  {
    "id": "fb10a030-ce52-4950-ad20-849dd14e91e7",
    "data": [
      {
        "text": "SD",
        "alias": "geo-state",
        "meta": "@sys.geo-state",
        "userDefined": false
      }
    ],
    "isTemplate": false,
    "count": 0
  }
]