[
  {
    "id": "185e2bc4-cdc1-40d2-8555-e94c7f639011",
    "data": [
      {
        "text": "My cousin",
        "userDefined": false
      }
    ],
    "isTemplate": false,
    "count": 0
  },
  {
    "id": "1806403c-4d7e-454c-9bd7-c75126e7f4a8",
    "data": [
      {
        "text": "She\u0027s my cousin",
        "userDefined": false
      }
    ],
    "isTemplate": false,
    "count": 0
  },
  {
    "id": "0e615791-3cfc-44a2-b6b5-88b697e3d43b",
    "data": [
      {
        "text": "That\u0027s my cousin",
        "userDefined": false
      }
    ],
    "isTemplate": false,
    "count": 0
  },
  {
    "id": "227de17d-abd4-4f58-bdf2-eabbe8b987db",
    "data": [
      {
        "text": "cousin",
        "userDefined": false
      }
    ],
    "isTemplate": false,
    "count": 0
  }
]