[
  {
    "id": "8f47dfa5-baef-4695-8019-0c444d662918",
    "data": [
      {
        "text": "San Diego",
        "alias": "geo-city",
        "meta": "@sys.geo-city",
        "userDefined": false
      }
    ],
    "isTemplate": false,
    "count": 0
  },
  {
    "id": "4664939d-b7da-4f2c-ba51-97206ce34f72",
    "data": [
      {
        "text": "SD",
        "alias": "geo-state",
        "meta": "@sys.geo-state",
        "userDefined": false
      }
    ],
    "isTemplate": false,
    "count": 0
  }
]