[
  {
    "id": "38b09d5d-ca00-4700-be3d-e79d7dfd83d7",
    "data": [
      {
        "text": "SD",
        "alias": "geo-state",
        "meta": "@sys.geo-state",
        "userDefined": false
      }
    ],
    "isTemplate": false,
    "count": 0
  },
  {
    "id": "1a207deb-e209-4b83-8b7d-395332c60253",
    "data": [
      {
        "text": "San Diego",
        "alias": "geo-city",
        "meta": "@sys.geo-city",
        "userDefined": false
      }
    ],
    "isTemplate": false,
    "count": 0
  }
]