[
  {
    "id": "d35f4f37-6341-4dfb-b274-cb2e6a22f526",
    "data": [
      {
        "text": "begin",
        "userDefined": false
      }
    ],
    "isTemplate": false,
    "count": 0
  },
  {
    "id": "1adfc07c-47c0-4ca3-b165-0bf288593bc6",
    "data": [
      {
        "text": "mental exercise",
        "userDefined": false
      }
    ],
    "isTemplate": false,
    "count": 0
  },
  {
    "id": "0af801ef-03e5-4561-b8cd-2034eb7b111c",
    "data": [
      {
        "text": "exercise my memory",
        "userDefined": false
      }
    ],
    "isTemplate": false,
    "count": 0
  },
  {
    "id": "17cc56b3-2e58-447e-a6a7-3b750fb8d11d",
    "data": [
      {
        "text": "exercise memory",
        "userDefined": false
      }
    ],
    "isTemplate": false,
    "count": 0
  },
  {
    "id": "279421d9-f0aa-465a-8007-6c26d201ca9a",
    "data": [
      {
        "text": "start memory exercise",
        "userDefined": false
      }
    ],
    "isTemplate": false,
    "count": 0
  },
  {
    "id": "97e9e1dd-8ba2-4e32-b544-44e5748a8a63",
    "data": [
      {
        "text": "memory exercise",
        "userDefined": false
      }
    ],
    "isTemplate": false,
    "count": 0
  },
  {
    "id": "ba1cc2f3-5e02-4b70-9dd1-6371f212f228",
    "data": [
      {
        "text": "test my memory",
        "userDefined": false
      }
    ],
    "isTemplate": false,
    "count": 0
  },
  {
    "id": "b7f550ba-7423-404b-9a35-388ffdee0e5e",
    "data": [
      {
        "text": "practice memory",
        "userDefined": false
      }
    ],
    "isTemplate": false,
    "count": 0
  },
  {
    "id": "40a5a94e-767b-4ecb-bb43-5b6189659ca6",
    "data": [
      {
        "text": "i want to play the memory game",
        "userDefined": false
      }
    ],
    "isTemplate": false,
    "count": 0
  },
  {
    "id": "9bae0ce3-3d8c-4a12-b374-9bcffc0af267",
    "data": [
      {
        "text": "play memory game",
        "userDefined": false
      }
    ],
    "isTemplate": false,
    "count": 0
  },
  {
    "id": "4fc99afe-ebb4-47cb-8633-9e5599944d9f",
    "data": [
      {
        "text": "open memory game",
        "userDefined": false
      }
    ],
    "isTemplate": false,
    "count": 0
  },
  {
    "id": "0d5a4590-3a81-462c-883f-45a7f3d90afe",
    "data": [
      {
        "text": "open memory practice",
        "userDefined": false
      }
    ],
    "isTemplate": false,
    "count": 0
  },
  {
    "id": "0c1926ba-f6f8-4bc6-94ef-6fd2dcef835a",
    "data": [
      {
        "text": "let\u0027s do memory practice",
        "userDefined": false
      }
    ],
    "isTemplate": false,
    "count": 0
  },
  {
    "id": "ce6c2ce3-3806-45cf-aa76-df7ffaa123d2",
    "data": [
      {
        "text": "memory game",
        "userDefined": false
      }
    ],
    "isTemplate": false,
    "count": 0
  },
  {
    "id": "b7b88828-7228-4560-af24-7a63318f59f7",
    "data": [
      {
        "text": "memory practice",
        "userDefined": false
      }
    ],
    "isTemplate": false,
    "count": 0
  }
]