[
  {
    "id": "5b712869-3657-4c43-abd4-0840ea6dd929",
    "data": [
      {
        "text": "SD",
        "alias": "geo-state",
        "meta": "@sys.geo-state",
        "userDefined": false
      }
    ],
    "isTemplate": false,
    "count": 1
  },
  {
    "id": "e66c1c13-49d6-4c51-9c20-3e75c8fa93dd",
    "data": [
      {
        "text": "San Diego",
        "alias": "geo-city",
        "meta": "@sys.geo-city",
        "userDefined": false
      }
    ],
    "isTemplate": false,
    "count": 0
  }
]