[
  {
    "id": "58bb5a88-91d5-4970-ad58-7dea3c0aabec",
    "data": [
      {
        "text": "that\u0027s my daughter",
        "userDefined": false
      }
    ],
    "isTemplate": false,
    "count": 0
  },
  {
    "id": "faa79734-1257-4d3a-a15e-e1d8a58f4d7b",
    "data": [
      {
        "text": "she\u0027s my daughter",
        "userDefined": false
      }
    ],
    "isTemplate": false,
    "count": 0
  },
  {
    "id": "4913a57c-a3bc-4cb7-ab02-67249c9ca91b",
    "data": [
      {
        "text": "my daughter",
        "userDefined": false
      }
    ],
    "isTemplate": false,
    "count": 0
  },
  {
    "id": "7e13221a-596d-451f-bf49-6c036fecbfa0",
    "data": [
      {
        "text": "daughter",
        "userDefined": false
      }
    ],
    "isTemplate": false,
    "count": 0
  }
]