[
  {
    "id": "38379bbf-7c5d-480a-a4cf-9a50fe655c5b",
    "data": [
      {
        "text": "Do you remember ",
        "userDefined": false
      },
      {
        "text": "Maria",
        "alias": "given-name",
        "meta": "@sys.given-name",
        "userDefined": false
      },
      {
        "text": "?",
        "userDefined": false
      }
    ],
    "isTemplate": false,
    "count": 0
  },
  {
    "id": "224a1d42-2247-4214-9c16-f749a7effcac",
    "data": [
      {
        "text": "Is there a ",
        "userDefined": false
      },
      {
        "text": "Maria",
        "alias": "given-name",
        "meta": "@sys.given-name",
        "userDefined": false
      },
      {
        "text": "?",
        "userDefined": false
      }
    ],
    "isTemplate": false,
    "count": 0
  },
  {
    "id": "3904a526-a4d9-4142-a4bf-0868934844c1",
    "data": [
      {
        "text": "Do you know ",
        "userDefined": false
      },
      {
        "text": "Maria",
        "alias": "given-name",
        "meta": "@sys.given-name",
        "userDefined": false
      },
      {
        "text": "?",
        "userDefined": false
      }
    ],
    "isTemplate": false,
    "count": 0
  },
  {
    "id": "43d58fe3-8cc4-4cfc-8ec1-e448dd646120",
    "data": [
      {
        "text": "Maria",
        "alias": "given-name",
        "meta": "@sys.given-name",
        "userDefined": false
      },
      {
        "text": " who?",
        "userDefined": false
      }
    ],
    "isTemplate": false,
    "count": 0
  },
  {
    "id": "5525c7c6-f55a-4e8b-adcd-8698870ce9dd",
    "data": [
      {
        "text": "Who is ",
        "userDefined": false
      },
      {
        "text": "Maria",
        "alias": "given-name",
        "meta": "@sys.given-name",
        "userDefined": false
      },
      {
        "text": "?",
        "userDefined": false
      }
    ],
    "isTemplate": false,
    "count": 0
  }
]