[
  {
    "value": "niece",
    "synonyms": [
      "niece"
    ]
  },
  {
    "value": "nephew",
    "synonyms": [
      "nephew"
    ]
  },
  {
    "value": "son",
    "synonyms": [
      "son",
      "kid"
    ]
  },
  {
    "value": "daughter",
    "synonyms": [
      "daughter",
      "kid"
    ]
  },
  {
    "value": "brother",
    "synonyms": [
      "brother"
    ]
  },
  {
    "value": "sister",
    "synonyms": [
      "sister"
    ]
  },
  {
    "value": "uncle",
    "synonyms": [
      "uncle"
    ]
  },
  {
    "value": "aunt",
    "synonyms": [
      "aunt"
    ]
  },
  {
    "value": "grandma",
    "synonyms": [
      "grandma",
      "grandmother",
      "grandparent"
    ]
  },
  {
    "value": "grandpa",
    "synonyms": [
      "grandfather",
      "granpa",
      "grandparent"
    ]
  },
  {
    "value": "parent",
    "synonyms": [
      "parent",
      "father",
      "dad",
      "mom",
      "mother"
    ]
  },
  {
    "value": "sister-in-law",
    "synonyms": [
      "sister-in-law"
    ]
  },
  {
    "value": "brother-in-law",
    "synonyms": [
      "brother-in-law"
    ]
  },
  {
    "value": "grandkid",
    "synonyms": [
      "grandkid",
      "grandchild",
      "granddaughter",
      "grandson"
    ]
  }
]